Workbook

Sheet factor_loadings
C1: Item | D1: Primary_Factor | E1: Max_Loading | F1: MR1 | G1: MR2 | H1: MR3 | I1: MR4 | J1: Communality_h2 | K1: Uniqueness_u2 | L1: Complexity
A2: =_xlfn.XLOOKUP(C2, ItemsList!B:B, ItemsList!A:A, "") -> Visualization | B2: =_xlfn.XLOOKUP(C2, ItemsList!B:B, ItemsList!C:C, "") -> P106 The visualizations I saw seemed to represent the data faithfully | C2: P106 | D2: MR1 | E2: 0.778 | F2: 0.778 | G2: -0.01 | H2: -0.313 | I2: 0.268 | J2: 0.602 | K2: 0.398 | L2: 1.58 | N2: Visualization | O2: P106 The visualizations I saw seemed to represent the data faithfully
A3: =_xlfn.XLOOKUP(C3, ItemsList!B:B, ItemsList!A:A, "") -> Visualization | B3: =_xlfn.XLOOKUP(C3, ItemsList!B:B, ItemsList!C:C, "") -> P022A I can easily remember how to read the visualizations in the system | C3: P022A | D3: MR1 | E3: 0.638 | F3: 0.638 | G3: 0.202 | H3: -0.035 | I3: -0.084 | J3: 0.516 | K3: 0.484 | L3: 1.24 | N3: Visualization | O3: P022A I can easily remember how to read the visualizations in the system
A4: =_xlfn.XLOOKUP(C4, ItemsList!B:B, ItemsList!A:A, "") -> Visualization | B4: =_xlfn.XLOOKUP(C4, ItemsList!B:B, ItemsList!C:C, "") -> P098 I found the visual representations provided by the system were appropriate | C4: P098 | D4: MR1 | E4: 0.592 | F4: 0.592 | G4: -0.067 | H4: 0.011 | I4: 0.249 | J4: 0.493 | K4: 0.507 | L4: 1.37 | N4: Visualization | O4: P098 I found the visual representations provided by the system were appropriate
A5: =_xlfn.XLOOKUP(C5, ItemsList!B:B, ItemsList!A:A, "") -> Visualization | B5: =_xlfn.XLOOKUP(C5, ItemsList!B:B, ItemsList!C:C, "") -> P089 The visual representations I saw were simple to understand | C5: P089 | D5: MR1 | E5: 0.549 | F5: 0.549 | G5: 0.178 | H5: 0.191 | I5: -0.141 | J5: 0.559 | K5: 0.441 | L5: 1.62 | N5: Visualization | O5: P089 The visual representations I saw were simple to understand
A6: =_xlfn.XLOOKUP(C6, ItemsList!B:B, ItemsList!A:A, "") -> Visualization | B6: =_xlfn.XLOOKUP(C6, ItemsList!B:B, ItemsList!C:C, "") -> P097 Using the system I could easily retrieve information from my data | C6: P097 | D6: MR1 | E6: 0.532 | F6: 0.532 | G6: -0.114 | H6: 0.259 | I6: 0.156 | J6: 0.529 | K6: 0.471 | L6: 1.76 | N6: Visualization | O6: P097 Using the system I could easily retrieve information from my data
A7: =_xlfn.XLOOKUP(C7, ItemsList!B:B, ItemsList!A:A, "") -> Intuitiveness | B7: =_xlfn.XLOOKUP(C7, ItemsList!B:B, ItemsList!C:C, "") -> P088 I found the system simple to understand | C7: P088 | D7: MR2 | E7: 0.953 | F7: 0.012 | G7: 0.953 | H7: -0.108 | I7: 0.083 | J7: 0.859 | K7: 0.141 | L7: 1.04 | N7: Intuitiveness | O7: P088 I found the system simple to understand
A8: =_xlfn.XLOOKUP(C8, ItemsList!B:B, ItemsList!A:A, "") -> Intuitiveness | B8: =_xlfn.XLOOKUP(C8, ItemsList!B:B, ItemsList!C:C, "") -> P026 I found it easy to get started using this system | C8: P026 | D8: MR2 | E8: 0.864 | F8: 0.052 | G8: 0.864 | H8: -0.004 | I8: -0.097 | J8: 0.752 | K8: 0.248 | L8: 1.03 | N8: Intuitiveness | O8: P026 I found it easy to get started using this system
A9: =_xlfn.XLOOKUP(C9, ItemsList!B:B, ItemsList!A:A, "") -> Intuitiveness | B9: =_xlfn.XLOOKUP(C9, ItemsList!B:B, ItemsList!C:C, "") -> P4026A Getting the tool configured for my analysis was straightforward | C9: P4026A | D9: MR2 | E9: 0.704 | F9: 0.053 | G9: 0.704 | H9: 0.034 | I9: 0.019 | J9: 0.58 | K9: 0.42 | L9: 1.02 | N9: Intuitiveness | O9: P4026A Getting the tool configured for my analysis was straightforward
A10: =_xlfn.XLOOKUP(C10, ItemsList!B:B, ItemsList!A:A, "") -> CognitiveV | B10: =_xlfn.XLOOKUP(C10, ItemsList!B:B, ItemsList!C:C, "") -> P064 The tool encouraged me to think deeply about my data | C10: P064 | D10: MR3 | E10: 0.757 | F10: 0.015 | G10: -0.125 | H10: 0.757 | I10: 0.093 | J10: 0.546 | K10: 0.454 | L10: 1.09 | N10: CognitiveV | O10: P064 The tool encouraged me to think deeply about my data
A11: =_xlfn.XLOOKUP(C11, ItemsList!B:B, ItemsList!A:A, "") -> CognitiveV | B11: =_xlfn.XLOOKUP(C11, ItemsList!B:B, ItemsList!C:C, "") -> P060 I enjoyed using this system | C11: P060 | D11: MR3 | E11: 0.704 | F11: -0.316 | G11: 0.266 | H11: 0.704 | I11: 0.296 | J11: 0.748 | K11: 0.252 | L11: 2.12 | N11: CognitiveV | O11: P060 I enjoyed using this system
A12: =_xlfn.XLOOKUP(C12, ItemsList!B:B, ItemsList!A:A, "") -> Visualization | B12: =_xlfn.XLOOKUP(C12, ItemsList!B:B, ItemsList!C:C, "") -> P067.I.could.safely.engage.in.a.trial.and.error.analysis.process� | C12: P067 | D12: MR3 | E12: 0.427 | F12: 0.377 | G12: -0.005 | H12: 0.427 | I12: -0.134 | J12: 0.435 | K12: 0.565 | L12: 2.18 | N12: Visualization | O12: P067.I.could.safely.engage.in.a.trial.and.error.analysis.process�
A13: =_xlfn.XLOOKUP(C13, ItemsList!B:B, ItemsList!A:A, "") -> CognitiveV | B13: =_xlfn.XLOOKUP(C13, ItemsList!B:B, ItemsList!C:C, "") -> P301 The system was useful for me | C13: P301 | D13: MR4 | E13: 0.75 | F13: 0.152 | G13: -0.078 | H13: 0.193 | I13: 0.75 | J13: 0.8 | K13: 0.2 | L13: 1.24 | N13: CognitiveV | O13: P301 The system was useful for me
A14: =_xlfn.XLOOKUP(C14, ItemsList!B:B, ItemsList!A:A, "") -> CognitiveV | B14: =_xlfn.XLOOKUP(C14, ItemsList!B:B, ItemsList!C:C, "") -> P027 I could complete my essential tasks efficiently | C14: P027 | D14: MR4 | E14: 0.421 | F14: 0.25 | G14: 0.209 | H14: 0.097 | I14: 0.421 | J14: 0.57 | K14: 0.43 | L14: 2.29 | N14: CognitiveV | O14: P027 I could complete my essential tasks efficiently
A16: XLOOKUP(C2, ItemsList!B:B, ItemsList!A:A, "") | B16: XLOOKUP(C2, ItemsList!B:B, ItemsList!C:C, "")

Sheet ItemsList
A2: CognitiveV | B2: P027 | C2: P027 I could complete my essential tasks efficiently
A3: CognitiveV | B3: P060 | C3: P060 I enjoyed using this system
A4: CognitiveV | B4: P064 | C4: P064 The tool encouraged me to think deeply about my data
A5: CognitiveV | B5: P301 | C5: P301 The system was useful for me
A6: Intuitiveness | B6: P026 | C6: P026 I found it easy to get started using this system
A7: Intuitiveness | B7: P088 | C7: P088 I found the system simple to understand
A8: Intuitiveness | B8: P4026A | C8: P4026A Getting the tool configured for my analysis was straightforward
A9: Visualization | B9: P022A | C9: P022A I can easily remember how to read the visualizations in the system
A10: Visualization | B10: P067 | C10: P067.I.could.safely.engage.in.a.trial.and.error.analysis.process�
A11: Visualization | B11: P089 | C11: P089 The visual representations I saw were simple to understand
A12: Visualization | B12: P097 | C12: P097 Using the system I could easily retrieve information from my data
A13: Visualization | B13: P098 | C13: P098 I found the visual representations provided by the system were appropriate
A14: Visualization | B14: P106 | C14: P106 The visualizations I saw seemed to represent the data faithfully
